{"Bw(Gb/s)": 0.0519040092502315, "duration(s)": 0.46239202610139324, "ticks": 1.2489208624998631, "ops(Gops)": 0.0021626670520929793}
