{"Bw(Gb/s)": 0.022575486783933774, "duration(s)": 0.010631000000000002, "ticks": 0.018604250000000003, "ops(Gops)": 0.0009406452826639073}
