{"Bw(Gb/s)": 0.02177858439201468, "duration(s)": 0.0011019999999999919, "ticks": 0.0019284999999999858, "ops(Gops)": 0.000907441016333945}
