{"Bw(Gb/s)": 0.021286597426095594, "duration(s)": 0.11274700000000001, "ticks": 0.19730725000000002, "ops(Gops)": 0.0008869415594206497}
