{"Bw(Gb/s)": 0.021198810393423424, "duration(s)": 1.132139, "ticks": 1.98124325, "ops(Gops)": 0.0008832837663926426}
