{"Bw(Gb/s)": 0.0705465216426193, "duration(s)": 0.00034020103955771603, "ticks": 0.000918883007845391, "ops(Gops)": 0.0029394384017758044}
